prioridad,regla,tipo_gasto,patron
1,computadores_tvec,fuera_de_alcance,\m(ETC|ETP)[0-9-]
1,implementacion_documental,fuera_de_alcance,IMPLEMENTACION.*(GESTION DOCUMENTAL|SGDEA)|(GESTION DOCUMENTAL|SGDEA).*IMPLEMENTACION
1,bpo_tvec,fuera_de_alcance,\mBPO[0-9]
1,personas,fuera_de_alcance,SERVICIOS (PROFESIONALES|PERSONALES|DE APOYO A LA GESTION)
1,instructor,fuera_de_alcance,\mINSTRUCTOR\M
1,desarrollo_software,fuera_de_alcance,FABRICA DE SOFTWARE|CONSTRUCCION DE SOFTWARE|DESARROLLO (E IMPLEMENTACION )?DE (SOLUCIONES DE )?SOFTWARE
2,actualizacion_licencias,licencia,SOFTWARE UPDATE|PREMIER SUPPORT FOR SOFTWARE|SOFTWARE ASSURANCE
3,soporte_fabricante,soporte_fabricante,UNIFIED (ENTERPRISE )?SUPPORT|SOPORTE (EMPRESARIAL )?UNIFICADO|\mPREMIER\M
4,licencia,licencia,\mLICENCI|\mSUSCRIPCI|\mLICENSE|\mSUBSCRIPTION|ACTUALIZACION Y SOPORTE|SOPORTE Y ACTUALIZACION|\mM365\M|OFFICE 365|MICROSOFT 365
5,nube,nube,\mNUBE\M|\mCLOUD\M|\mSAAS\M|\mIAAS\M|\mPAAS\M|SOFTWARE COMO SERVICIO|SOFTWARE AS A SERVICE|\mAZURE\M|\mAWS\M|\mGCP\M|\mOCI\M|\mNPU[0-9]
6,hardware,fuera_de_alcance,\mHARDWARE\M