estrato,fuente,id,nombre_entidad,proveedor,valor,texto,url,fabricante_real,tipo_gasto_real,nota
mayor_valor,secop,CO1.PCCNTR.5800767,INSTITUTO TERMAL DE PAIPA,FICHET COLOMBIA S.A.,620765845619929,"REALIZAR LA INTEGRACIÓN CONJUNTA CON EL SISTEMA CONTABLE 
PARA LA EMISIÓN DE FACTURA ELECTRONICA DEL SOFTWARE CONTABLE DE 
LOS SERVICIOS ASOCIADOS AL SISTEMA DE CONTROL DE ACCESO",https://community.secop.gov.co/Public/Tendering/OpportunityDetail/Index?noticeUID=CO1.NTC.5500217&isFromPublicArea=True&isModal=true&asPopupView=true,,,
mayor_valor,secop,CO1.PCCNTR.2784891,DEPARTAMENTO DE ANTIOQUIA//,MUNICIPIO DE JERICO - ANTIOQUIA,907887558000,Aunar esfuerzos para dar cumplimiento al plan de acción especifico que surge de la calamidad pública declarada por el municipio de Jericó por medio de Decreto No. 038 de marzo 26 de 2021 en la actividad: Realizar los estudios de detalle que permitan diagnosticar las condiciones topográficas; geológicas; geomorfológicas; geotécnicas; hidrogeológicas e hidráulicas que influyen en los procesos de inestabilidad en el cerro Las Nubes y los sectores Los Aguacates y La Comba; en la vertiente occidenta,https://community.secop.gov.co/Public/Tendering/OpportunityDetail/Index?noticeUID=CO1.NTC.2151987&isFromPublicArea=True&isModal=true&asPopupView=true,,,
mayor_valor,secop,CO1.PCCNTR.8727404,UNIDAD ADMINISTRATIVA ESPECIAL DE SERVICIOS PÚBLICOS.,Royal Tech Group SAS (cotizaciones@royaltech.group - 3155482662),337512000000,TIC-015 REALIZAR LA RENOVACIÓN DE LOS SERVICIOS DE NUBE PÚBLICA (CRÉDITOS/HORAS DE SOPORTE) PARA LA OPERACIÓN Y GESTIÓN DE LA INFRAESTRUCTURA TECNOLÓGICA DE LA UNIDAD ADMINISTRATIVA ESPECIAL DE SERVICIO,https://community.secop.gov.co/Public/Tendering/OpportunityDetail/Index?noticeUID=CO1.NTC.9236848&isFromPublicArea=True&isModal=true&asPopupView=true,,,
mayor_valor,secop,CO1.PCCNTR.8309548,ADMINISTRADORA COLOMBIANA DE PENSIONES COLPENSIONES,UT Gestión Integral Centros de Datos 2025,223125301791,Prestación de servicios de procesamiento; almacenamiento; respaldo y recuperación de la información; balanceadores de carga; colocation; licenciamiento; observabilidad y monitoreo para dos centros de datos; incluyendo la migración de los centros de datos; la administración; soporte; conectividad; gestión global e integración con terceros; y servicios de multi-nube híbrida para los sistemas de información e infraestructura de la Administradora Colombiana de Pensiones - COLPENSIONES.,https://community.secop.gov.co/Public/Tendering/OpportunityDetail/Index?noticeUID=CO1.NTC.8587378&isFromPublicArea=True&isModal=true&asPopupView=true,,,
mayor_valor,tvec,123244,SERVICIO NACIONAL DE APRENDIZAJE - SEDE CALLE 57,Comware S.A.,130601334506,Sin agregación | npu04 - CO-AD-02-01. Experto para la definicion; analisis y adopcion de Nube Publica; npu04 - CO-EX-06-01. Experto Senior en Seguridad en la Nube; npu04 - CO-EX-08-01. Experto Senior en Migracion; npu04 - CO-EX-12-01. Experto Senior en Bases de Datos; npu04 - CO-EX-14-01. Experto Senior en Servidores y Aplicaciones Web; npu04 - CO-EX-16-01. Arquitecto Senior en Nube Publica; npu04 - CO-EX-18-01. Experto Senior en Manejo de Datos; npu04 - CO-EX-24-01. Experto Senior en Almacen de Datos; npu04 - CO-EX-28-01. Experto Senior en Redes; npu04 - CO-EX-40-01. Experto Senior en DevOps; npu04 - CO-EX-42,,,,
mayor_valor,secop,CO1.PCCNTR.8238401,CAMARA DE REPRESENTANTES,Mercado y Bolsa S.A.,126785560556.01,MEJORAMIENTO DEL SISTEMA DE GESTIÓN DOCUMENTAL Y DE LA INFORMACIÓN DE LA CÁMARA DE REPRESENTANTES E IMPLEMENTACIÓN DE UNA PLATAFORMA TECNOLÓGICA PARA ALMACENAR Y CONSULTAR EL ARCHIVO DIGITAL EN LA NUBE PÚBLICA Y/O REPOSITORIO LOCAL,https://community.secop.gov.co/Public/Tendering/OpportunityDetail/Index?noticeUID=CO1.NTC.8659311&isFromPublicArea=True&isModal=true&asPopupView=true,,,
mayor_valor,tvec,165134,RAMA JUDICIAL - CONSEJO SUPERIOR DE LA JUDICATURA,CONTROLES EMPRESARIALES SAS,114281747209,IAD Software por Catalogo II | sxc02---AAD-33204EAEASENT-Suite Corporativa-N/A-MICROSOFT-Enterprise Agreement-Educativo-Monthly Subscriptions-N/A-N/A-N/A-N/A-Suscripción mensual con pago anual-M365 E3 Unified Sub Per User_EAEASENT; sxc02---AAD-33168EAEASENT-Suite Corporativa-N/A-MICROSOFT-Enterprise Agreement-Educativo-Monthly Subscriptions-N/A-N/A-N/A-N/A-Suscripción mensual con pago anual-M365 E5 Unified Sub Per User_EAEASENT; sxc02---PEJ-00002EAEASAP-Suite Corporativa-N/A-MICROSOFT-Enterprise Agreement-Educativo-Monthly Subscriptions-N/A-N/A-N/A-N/A-Suscripción mensual con pago anual-Microsoft Defender Suite Subscription,,,,
mayor_valor,secop,CO1.PCCNTR.7152380,Rama Judicial  Dirección Ejecutiva de Administración Judicial,Consorcio_Microsoft-CSJ/SWO,87488531216.84,Adquirir las licencias de la herramienta de comunicación y colaboración Microsoft 365 - E3 y sus productos asociados; la plataforma de Seguridad M365-E5 sus productos asociados; la plataforma de Seguridad M365-E5 y Teams Premium; para uso de la Rama Judicial,https://community.secop.gov.co/Public/Tendering/OpportunityDetail/Index?noticeUID=CO1.NTC.7218832&isFromPublicArea=True&isModal=true&asPopupView=true,,,
mayor_valor,tvec,70283,UNIDAD ATENCION REPARACION INTEGRAL A VICTIMAS,Outsourcing S.A.,80426462907,Sin agregación | bpo02--1 - IT-BPO-34-1-Gerente de proyecto_NA_NA_NA_NA_NA_NA - 1 Mes; bpo02--2 - IT-BPO-28-46-Agente Front Office sin herramienta_Agente técnico_Jornada Ordinaria_Plata_Zona 1_NA_NA - 173 Mes; bpo02--3 - IT-BPO-28-61-Agente Front Office sin herramienta_Agente técnico_Jornada Ordinaria_Plata_Zona 2_NA_NA - 129 Mes; bpo02--4 - IT-BPO-28-76-Agente Front Office sin herramienta_Agente técnico_Jornada Ordinaria_Plata_Zona 3_NA_NA - 272 Mes; bpo02--5 - IT-BPO-39-1-Formador_Jornada Ordinaria_NA_NA_NA_NA_NA - 26 Mes; bpo02--6 - IT-BPO-38-7-Líder de calidad_Jornada Ordinaria_Amplia_NA_NA_NA_NA - 39 Mes;,,,,
mayor_valor,tvec,88079,UNIDAD ATENCION REPARACION INTEGRAL A VICTIMAS,Outsourcing Servicios informáticos S.A.S BIC,73245214480,Sin agregación | bpo02--1 - IT-BPO-34-1-Gerente de proyecto     _NA_NA_NA_NA_NA_NA - 1 Mes; bpo02--2 - IT-BPO-28-46-Agente Front Office sin herramienta_Agente técnico_Jornada Ordinaria_Plata_Zona 1_NA_NA - 125 Mes; bpo02--3 - IT-BPO-28-61-Agente Front Office sin herramienta_Agente técnico_Jornada Ordinaria_Plata_Zona 2_NA_NA - 111 Mes; bpo02--4 - IT-BPO-28-76-Agente Front Office sin herramienta_Agente técnico_Jornada Ordinaria_Plata_Zona 3_NA_NA - 243 Mes; bpo02--5 - IT-BPO-39-1-Formador_Jornada Ordinaria_NA_NA_NA_NA_NA - 17 Mes; bpo02--6 - IT-BPO-38-7-Líder de calidad_Jornada Ordinaria_Amplia_NA_NA_NA_NA - 27,,,,
mayor_valor,tvec,54375,COMPUTADORES PARA EDUCAR,Selcomp Ingenieria S.A.S.,69120089981,Sn agregación | etc02--lote1.13-ETP Portatil con pantalla de 14pulgadas 1500 ENTRADA HDD 500 GB 5400 rpm TN 4 GB - DDR4 - 1866 SI 1 2 Zona 1; etc02--lote1.13-COMPONENTE LICENCIA WINDOWS 10 PRO FOR EDUCATION 64 BITS NA NA NA NA NA NA NA NA NA Zona 1; etc02--lote1.13-COMPONENTE SOFTWARE ANTIRROBO NA NA NA NA NA NA NA NA NA Zona 1; etc02--lote1.13-COMPONENTE PORCENTAJE ADICIONAL POR Garantia ANTICIPADA NA NA NA NA NA NA NA NA NA Zona 1; etc02--lote1.13-SERVICIO TRANSPORTE ALTERNATIVO NA NA NA NA NA NA NA NA NA Zona 1; etc02--IVA; etc02--lote1.13-ETP Portatil con pantalla de 14pulgadas 1500 ENTRADA HDD 500 GB 540,,,,
mayor_valor,tvec,102650,INSTITUTO COLOMBIANO DE BIENESTAR FAMILIAR,UNIÓN TEMPORAL ASD-IQ,66960087417,Servicios BPO II | bpo02--1 - IT-BPO-25-11-Agente en Sitio _Agente general_Jornada Ordinaria_Platino_NA_NA_NA - 250 Mes; bpo02--2 - IT-BPO-25-26-Agente en Sitio _Agente técnico_Jornada Ordinaria_Platino_NA_NA_NA - 50 Mes; bpo02--3 - IT-BPO-26-11-Agente en la Entidad Compradora o Back Office_Agente general_Jornada Ordinaria_Platino_Zona 1_NA_NA - 5 Mes; bpo02--4 - IT-BPO-26-56-Agente en la Entidad Compradora o Back Office_Agente técnico_Jornada Ordinaria_Platino_Zona 1_NA_NA - 10 Mes; bpo02--5 - IT-BPO-27-11-Agente Front Office_Agente general_Jornada Ordinaria_Platino_Zona 1_NA_NA - 4 Mes; bpo02--6 - IT-BPO-25-56,,,,
mayor_valor,tvec,118404,MINISTERIO SALUD Y PROTECCION SOCIAL - GENERAL,UNIÓN TEMPORAL TIGO - BEXT 2021,66767608802,Sin agregación | npu04 - CO-EX-05-02. Experto Junior en Seguridad en la Nube; npu04 - CO-EX-06-02. Experto Senior en Seguridad en la Nube; npu04 - CO-EX-06-02. Experto Senior en Seguridad en la Nube; npu04 - CO-EX-10-02. Arquitecto Senior en Nube Hibrida; npu04 - CO-EX-10-02. Arquitecto Senior en Nube Hibrida; npu04 - CO-EX-11-02. Experto Junior en Bases de Datos; npu04 - CO-EX-12-02. Experto Senior en Bases de Datos; npu04 - CO-EX-27-02. Experto Junior en Redes; npu04 - CO-EX-43-02. Experto Junior en Contenedores; npu04 - CO-EX-48-02. Experto Senior en Desarrollo de Aplicaciones; npu04 - CO-SO-02-01. Soporte ,,,,
mayor_valor,secop,CO1.PCCNTR.7704225,ADMINISTRADORA COLOMBIANA DE PENSIONES COLPENSIONES,UT DATAVAULT,65715797913,Prestar los servicios de Bóveda de Datos Digital en nube privada para COLPENSIONES,https://community.secop.gov.co/Public/Tendering/OpportunityDetail/Index?noticeUID=CO1.NTC.7795400&isFromPublicArea=True&isModal=true&asPopupView=true,,,
mayor_valor,secop,CO1.PCCNTR.5682698,FONDO NACIONAL DEL AHORRO S.A.,UT RENOVACION FNA CORE 2023,60681886584,"ADQUISICIÓN; INSTALACIÓN; CONFIGURACIÓN; MIGRACIÓN; GARANTÍA Y SOPORTE DE HARDWARE Y SOFTWARE CON FABRICANTE PARA RENOVACIÓN TÉCNOLOGICA DE
CAPACIDADES DE PROCESAMIENTO; ALMACENAMIENTO Y RESPALDOS DEL CORE BANCARIO DEL FONDO NACIONAL DEL AHORRO Y DEMAS SERVICIOS CONEXOS Y ASOCIADOS",https://community.secop.gov.co/Public/Tendering/OpportunityDetail/Index?noticeUID=CO1.NTC.5230317&isFromPublicArea=True&isModal=true&asPopupView=true,,,
mayor_valor,tvec,110384,RAMA JUDICIAL - CONSEJO SUPERIOR DE LA JUDICATURA,UT Soft IG 3,60245579234,IAD Software | wms01--T6A-00024EAEASENT Microsoft® O365 E1 Subscription Per User_EA_EAS_Ent; wms01--4DS-00001EAEASAP Microsoft® EOA Exchange Online Subscription Per User_EA_EAS_AP; wms01--AAA-10842EAEASENT Microsoft® O365 E3 Subscription Per User_EA_EAS_Ent; wms01--CE6-00003EAEASENT Microsoft® EMS E5 Subscription Per User_EA_EAS_Ent; wms01--FSZ-00002EAEASAP Microsoft® Defender O365 P2 Subscription Per User_EA_EAS_AP; wms01--LK6-00004EAEASAP Microsoft® Teams Phone Standard Subscription Per User_EA_EAS_AP; wms01--7JQ-00343EAAP Microsoft® SQL Server Enterprise Core All Languages Software Assurance 2 Licenses_EA,,,,
mayor_valor,secop,CO1.PCCNTR.7186959,UNIDAD DE GESTION PENSIONAL Y PARAFISCALES - UGPP,INDRA COLOMBIA S.A.S.,60000279594,"Contratar el servicio de nube privada para aprovisionar los recursos de datacenter; habilitación; administración; suministro y soporte de la plataforma de escritorios virtuales de la entidad; asegurando la gestión técnica integral; acceso y disponibilidad de las aplicaciones y/o servicios
de tecnología de la entidad; de acuerdo las condiciones mínimas descritas en el anexo técnico.",https://community.secop.gov.co/Public/Tendering/OpportunityDetail/Index?noticeUID=CO1.NTC.7259433&isFromPublicArea=True&isModal=true&asPopupView=true,,,
mayor_valor,tvec,66460,COMPUTADORES PARA EDUCAR,Selcomp Ingenieria S.A.S.,57660458636,Sin agregación | etc02--lote1.13-ETP Portatil con pantalla de 14pulgadas 1500 ENTRADA HDD 500 GB 5400 rpm TN 4 GB - DDR4 - 1866 SI 1 2 Zona 1; etc02--lote1.13-COMPONENTE LICENCIA WINDOWS 10 PRO FOR EDUCATION 64 BITS NA NA NA NA NA NA NA NA NA Zona 1; etc02--lote1.13-COMPONENTE SOFTWARE ANTIRROBO NA NA NA NA NA NA NA NA NA Zona 1; etc02--lote1.13-COMPONENTE PORCENTAJE ADICIONAL POR Garantia ANTICIPADA NA NA NA NA NA NA NA NA NA Zona 1; etc02--IVA,,,,
mayor_valor,secop,CO1.PCCNTR.6459727,CAMARA DE REPRESENTANTES,correagro,55238189510,"MEJORAMIENTO DEL SISTEMA DE GESTIÓN DOCUMENTAL Y DE LA
INFORMACIÓN DE LA CÁMARA DE REPRESENTANTES E IMPLEMENTACIÓN DE UNA
PLATAFORMA TECNOLÓGICA PARA ALMACENAR Y CONSULTAR EL ARCHIVO DIGITAL
EN LA NUBE PÚBLICA Y/O REPOSITORIO LOCAL",https://community.secop.gov.co/Public/Tendering/OpportunityDetail/Index?noticeUID=CO1.NTC.6303986&isFromPublicArea=True&isModal=true&asPopupView=true,,,
mayor_valor,secop,CO1.PCCNTR.6153556,FONDO NACIONAL DEL AHORRO S.A.,CORPORACION AGENCIA NACIONAL DE GOBIERNO DIGITAL,55212523716,CONTRATAR LOS SERVICIOS ESPECIALIZADOS DE UNA FÁBRICA DE SOFTWARE PARA EL DESARROLLO; SOPORTE Y MANTENIMIENTO Y CALIDAD DE LOS SISTEMAS DE INFORMACIÓN NO CORE DEL FONDO NACIONAL DEL AHORRO,https://community.secop.gov.co/Public/Tendering/OpportunityDetail/Index?noticeUID=CO1.NTC.5905389&isFromPublicArea=True&isModal=true&asPopupView=true,,,
mayor_valor,tvec,101875,DIRECCION DE IMPUESTOS Y ADUANAS NACIONALES,Outsourcing Servicios informáticos S.A.S BIC,54682115944,Sin agregación | bpo02--1 - IT-BPO-29-131-Agente con dominio en lenguaje de señas colombiana (Videollamada)_Agente profesional_Economía; administración; contaduría y afines_En Sitio_Jornada Ordinaria_Platino_NA - 2 Mes; bpo02--2 - IT-BPO-26-91-Agente en la Entidad Compradora o Back Office_Agente profesional_Economía; administración; contaduría y afines_Jornada Ordinaria_Plata_Zona 1_NA - 1 Mes; bpo02--3 - IT-BPO-25-41-Agente en Sitio _Agente profesional_Economía; administración; contaduría y afines_Jornada Ordinaria_Platino_NA_NA - 175 Mes; bpo02--4 - IT-BPO-25-26-Agente en Sitio _Agente técnico_Jornada Ordina,,,,
mayor_valor,secop,CO1.PCCNTR.2688172,CAMARA DE REPRESENTANTES,Empresa de Recursos Tecnologicos del Valle,54428598078.75,IMPLEMENTAR UNA SOLUCIÓN TECNOLÓGICA INTEGRAL QUE CONTENGA HERRAMIENTAS MODERNAS E INNOVADORAS DE HARDWARE; SOFTWARE Y SERVICIOS CONEXOS EN LA CÁMARA DE REPRESENTANTES.,https://community.secop.gov.co/Public/Tendering/OpportunityDetail/Index?noticeUID=CO1.NTC.2111987&isFromPublicArea=True&isModal=true&asPopupView=true,,,
mayor_valor,tvec,122531,SERVICIO NACIONAL DE APRENDIZAJE - SEDE CALLE 57,UNIÓN TEMPORAL ASD-IQ,53804014779,Servicios BPO II | bpo02--1 - IT-BPO-1-1-Troncal SIP_NA_NA_NA_NA_NA_NA - 256 Mes; bpo02--2 - IT-BPO-3-1-Minuto IVR (Interactive Voice Response) - Audiotexto_NA_NA_NA_NA_NA_NA - 13500 Minuto; bpo02--3 - IT-BPO-2-1-Minuto IVR (Interactive Voice Response) - Enrutador_NA_NA_NA_NA_NA_NA - 5100 Minuto; bpo02--4 - IT-BPO-4-1-Minuto IVR (Interactive Voice Response) Transaccional_NA_NA_NA_NA_NA_NA - 5100 Minuto; bpo02--5 - IT-BPO-6-1-Grabación anuncios IVR (Interactive Voice Response) Respuesta de Voz Interactiva_Voz profesional _NA_NA_NA_NA_NA - 10 Anuncio; bpo02--6 - IT-BPO-7-5-Minutos de conexión outbound/Inbound_Outb,,,,
mayor_valor,secop,CO1.PCCNTR.9291202,INSTITUTO COLOMBIANO DE CREDITO EDUCATIVO Y ESTUDIO TÉCNICOS EN EL EXTERIOR MARIANO OSPINA PEREZ.,UT ICETEX 2016,52625000000,Contratar una solución tecnológica en la modalidad de Software as a Service (SaaS); que permita la implementación y operación de la Plataforma de Productos y Servicios Crediticios del ICETEX; que integre los procesos de gestión comercial; originación; legalización; administración y recaudo de productos financieros y de servicios complementarios ofrecidos por la entidad; garantizando su interoperabilidad con los sistemas de información existentes y su alineación con los lineamientos institucional,https://community.secop.gov.co/Public/Tendering/OpportunityDetail/Index?noticeUID=CO1.NTC.9297603&isFromPublicArea=True&isModal=true&asPopupView=true,,,
mayor_valor,secop,CO1.PCCNTR.8726127,Rama Judicial  Dirección Ejecutiva de Administración Judicial,CONTROLES EMPRESARIALES S.A.S,52327197000,Adquisición de créditos de infraestructura en la nube pública Azure,https://community.secop.gov.co/Public/Tendering/OpportunityDetail/Index?noticeUID=CO1.NTC.9239138&isFromPublicArea=True&isModal=true&asPopupView=true,,,
mayor_valor,tvec,122759,SERVICIO NACIONAL DE APRENDIZAJE - SEDE CALLE 57,REAL TIME  (REAL TIME CONSULTING & SERVICES),49142970229,IAD Software | wpa01--FC7-10-FGVVS-815-02-36 Subscriptions license for FortiGateVM unlimited CPU with Enterprise Bundle included; wpa01--FC5-10-WBVMS-582-02-36 Subscription license for FortiWebVM 16 CPU with Advanced bundle included; wpa01--FC3-10-AZVMS-465-01-36 Subscription license for 500 GBDay Central Logging  Analytics Include FortiCare Premium support IOC Security Automation Service and FortiGuard Outbreak Detection Service; wpa01--FC-15-CLDPS-219-02-36 Access to advanced account and platform features Per account license See datasheetonline resources for included featurelicense details; wpa01--FC2-10-S,,,,
mayor_valor,tvec,126357,RAMA JUDICIAL - CONSEJO SUPERIOR DE LA JUDICATURA,UT Soft IG 3,47415739649,IAD Software | wms01--AAD-33204EAEASENT Microsoft  M365 E3 Unified Subscription Per User_EA_EAS_Ent; wms01--PEJ-00002EAEASAP Microsoft  M365 E5 Security Subscription Per User_EA_EAS_AP; wms01--AAD-33168EAEASENT Microsoft  M365 E5 Unified FUSL Subscription Per User_EA_EAS_Ent; wms01--IVA,,,,
mayor_valor,secop,CO1.PCCNTR.6022430,INSTITUTO COLOMBIANO DE CREDITO EDUCATIVO Y ESTUDIO TÉCNICOS EN EL EXTERIOR MARIANO OSPINA PEREZ.,UT ICETEX 2016,45134428820,"Prestación de servicios de operación de una plataforma tecnológica en la modalidad de
Software as a Service (SaaS) que cumpla con las necesidades de negocio de ICETEX;
relacionadas con la gestión de operaciones y la gestión de recuperación y cumplimiento de
obligaciones; alineado a las definiciones técnicas y de arquitectura establecidas por la entidad.",https://community.secop.gov.co/Public/Tendering/OpportunityDetail/Index?noticeUID=CO1.NTC.5750793&isFromPublicArea=True&isModal=true&asPopupView=true,,,
mayor_valor,tvec,101210,COMPUTADORES PARA EDUCAR,SELCOMP INGENERIA SAS,45000000000,Sin agregación | ETP-PTF-205. ETP -- ETP -- Portatil con pantalla de 14 pulgadas -- 1700 -- ENTRADA -- SDD -- 512 GB -- TN o IPS -- 8 GB - DDR4 - 2133 -- SI -- 1 -- 2 -- Zona 1; COMPONENTE-PTF-769. COMPONENTE -- COMPONENTE -- Software antirrobo -- NA -- NA -- NA -- NA -- NA -- NA -- NA -- NA -- NA -- Todas las zonas; COMPONENTE-PTF-770. COMPONENTE -- COMPONENTE -- Sistema Operativo Windows 10 Pro for education 64 bits. -- NA -- NA -- NA -- NA -- NA -- NA -- NA -- NA -- NA -- Todas las zonas; COMPONENTE-PTF-774. COMPONENTE -- COMPONENTE -- Garantía anticipada -- NA -- NA -- NA -- NA -- NA -- NA -- NA -- NA -- N,,,,
mayor_valor,secop,CO1.PCCNTR.8436791,FONDO NACIONAL DEL AHORRO S.A.,TOPAZ COLOMBIA S.A.,43530923511,CONTRATAR LOS SERVICIOS ESPECIALIZADOS DE SOPORTE; MANTENIMIENTO Y CONSTRUCCIÓN DE SOFTWARE POR DEMANDA SOBRE LOS APLICATIVOS COBIS Y SUS INTEGRACIONES,https://community.secop.gov.co/Public/Tendering/OpportunityDetail/Index?noticeUID=CO1.NTC.8924810&isFromPublicArea=True&isModal=true&asPopupView=true,,,
azar,secop,CO1.PCCNTR.7679910,SENA REGIONAL HUILA Grupo Administrativo CGDSS,ANDRES FELIPE RAMIREZ MUÑOZ,42315501,Prestar servicios profesionales de carácter temporal; para impartir formación profesional integral en los programas de formación laboral; formación tecnologica y formación complementaria; en las modalidades presencial o virtual; en la especialidad de INFORMÁTICA (TIC/SOFTWARE) en el Centro de Gestión y Desarrollo Sostenible Surcolombiano SENA Regional Huila y en los municipios de su cobertura.,https://community.secop.gov.co/Public/Tendering/OpportunityDetail/Index?noticeUID=CO1.NTC.7504535&isFromPublicArea=True&isModal=true&asPopupView=true,,,
azar,secop,CO1.PCCNTR.8487716,POLITECNICO COLOMBIANO JAIME ISAZA CADAVID,ITIS SUPPORT,68932664,Renovación anual de la suscripción al servicio del licenciamiento de uso de un sistema antiplagio; para el personal académico e Investigativo de la Institución.,https://community.secop.gov.co/Public/Tendering/OpportunityDetail/Index?noticeUID=CO1.NTC.8995631&isFromPublicArea=True&isModal=true&asPopupView=true,,,
azar,secop,CO1.PCCNTR.3501993,GOBERNACION DEL MAGDALENA,SOLUCIONES INNOVADORAS EN TECNOLOGIAS DE LA INFORMACION S.A.S.,353000000,GESTIÓN; ADMINISTRACIÓN Y MANTENIMIENTO DE LA PLATAFORMA DE GESTION DE BENEFICIOS ESTUDIANTILES - SITIAPP GBEST PARA LA GESTION INTEGRAL DE LAS FASES DEL CICLO PREINSCRIPCIÓN; ANÁLISIS; EVALUACIÓN; CONFORMACION DE BASE DE DATOS; APROBACION Y NOTIFICACION DE LOS BENEFICIOS ESTUDIANTILES ASOCIADOS A LA OFERTA DE SERVICIOS DE LA GOBERNACIÓN DEL MAGDALENA; EN UN AMBIENTE 100% VIRTUAL EN LA MODALIDAD DE SOFTWARE COMO SERVICIO (SaaS).,https://community.secop.gov.co/Public/Tendering/OpportunityDetail/Index?noticeUID=CO1.NTC.2775172&isFromPublicArea=True&isModal=true&asPopupView=true,,,
azar,secop,CO1.PCCNTR.7468737,ANM,ROSA MARIA INFANTE RUIZ,97960000,"Prestar servicios profesionales a la ANM para apoyar las actividades de aseguramiento de la calidad y gestión de requerimiento en la
entidad; garantizando la entrega de soluciones de software de alta calidad y alineadas con las necesidades del negocio. (Línea PAA:
130004225).",https://community.secop.gov.co/Public/Tendering/OpportunityDetail/Index?noticeUID=CO1.NTC.7603135&isFromPublicArea=True&isModal=true&asPopupView=true,,,
azar,secop,CO1.PCCNTR.5284564,Unidad de Busqueda de Personas Desaparecidas,GEOSPATIAL S.A.S.,3071000,Renovar el licenciamiento PIX4D para la gestión y manejo de drones para la UBPD.,https://community.secop.gov.co/Public/Tendering/OpportunityDetail/Index?noticeUID=CO1.NTC.4771494&isFromPublicArea=True&isModal=true&asPopupView=true,,,
azar,secop,CO1.PCCNTR.8102869,Patrimonio Autónomo-Fondo De Seguridad Vial,XSYSTEM SAS,62489523,Adquirir suscripciones de software Adobe; con destino a la Agencia Nacional de Seguridad Vial.,https://community.secop.gov.co/Public/Tendering/OpportunityDetail/Index?noticeUID=CO1.NTC.8463057&isFromPublicArea=True&isModal=true&asPopupView=true,,,
azar,secop,CO1.PCCNTR.9190330,CONTRALORIA DEPARTAMENTAL DEL GUAINIA,Ariel Chinchilla Moreno,9130000,PRESTAR EL SERVICIO DE SOFTWARE CONTABLE; CON LOS MÓDULOS DE CONTABILIDAD; PRESUPUESTAL; NOMINA Y ASISTENCIA TÉCNICA PARA LA CONTRALORÍA DEPARTAMENTAL DEL GUAINÍA DURANTE LA VIGENCIA 2026,https://community.secop.gov.co/Public/Tendering/OpportunityDetail/Index?noticeUID=CO1.NTC.9822784&isFromPublicArea=True&isModal=true&asPopupView=true,,,
azar,secop,CO1.PCCNTR.5453052,CORPORACION AGENCIA NACIONAL DE GOBIERNO DIGITAL,ANGELA PAOLA CUELLAR AREVALO,12378000,Prestar por sus propios medios con plena autonomía técnica y administrativa; los servicios profesionales para el análisis funcional; levantamiento de requerimientos y el aseguramiento de calidad a los desarrollos de software realizados; en la celula uno del anexo 3 y en el marco de la vinculación de Servicios Ciuadadanos Digitales.,https://community.secop.gov.co/Public/Tendering/OpportunityDetail/Index?noticeUID=CO1.NTC.5056034&isFromPublicArea=True&isModal=true&asPopupView=true,,,
azar,secop,CO1.PCCNTR.8049670,ICBF SEDE NACIONAL,CESAR AUGUSTO LOPEZ LOPEZ,58715018,"PRESTAR SERVICIOS PROFESIONALES PARA APOYAR EL DESARROLLO DE 
SOFTWARE; EL MANTENIMIENTO EVOLUTIVO Y CORRECTIVO E 
IMPLEMENTACION DE NUEVOS SISTEMAS DE INFORMACION; LA RECEPCION DE 
SOFTWARE DE TERCEROS E INTEROPERABILIDADES DE LOS SISTEMAS 
INFORMÁTICOS DEL ICBF",https://community.secop.gov.co/Public/Tendering/OpportunityDetail/Index?noticeUID=CO1.NTC.8385618&isFromPublicArea=True&isModal=true&asPopupView=true,,,
azar,secop,CO1.PCCNTR.5480452,MINISTERIO DE HACIENDA Y CREDITO PUBLICO,PULXAR CONSULTING SAS,17992800,Contratar el servicio de mantenimiento y soporte especializado para las plataformas de; Oracle Linux y de virtualización ORACLE LINUX VM implementados en el Ministerio de Hacienda y Crédito Público.,https://community.secop.gov.co/Public/Tendering/OpportunityDetail/Index?noticeUID=CO1.NTC.5036568&isFromPublicArea=True&isModal=true&asPopupView=true,,,
azar,secop,CO1.PCCNTR.3789977,CORPORACION AUTONOMA REGIONAL DEL MAGDALENA,Sigma Ingeniería S.A.S,22403408,Prestación de servicios de infraestructura en la Nube necesaria para el funcionamiento de GEOAMBENTAL; con su respectivo soporte y mantenimiento a los módulos implementados en el sistema de información GEOAMBIENTAL.,https://community.secop.gov.co/Public/Tendering/OpportunityDetail/Index?noticeUID=CO1.NTC.3019882&isFromPublicArea=True&isModal=true&asPopupView=true,,,
azar,secop,CO1.PCCNTR.4919998,DEPARTAMENTO DEL ATLANTICO**,DOT LIB Sucursal Colombia,90673506,RENOVACIÓN DE LA SUSCRIPCIÓN A LAS BASES DE DATOS DE JSTOR Y MICROMEDEX CON EL FIN DE GARANTIZAR EL ACCESO A ESTOS RECURSOS MULTIDISCIPLINARIOS Y ESPECIALIZADOS EN FARMACIA RESPECTIVAMENTE; COMO HERRAMIENTAS FUNDAMENTALES PARA LAS DISTINTAS FACULTADES DE LA UNIVERSIDAD,https://community.secop.gov.co/Public/Tendering/OpportunityDetail/Index?noticeUID=CO1.NTC.4364773&isFromPublicArea=True&isModal=true&asPopupView=true,,,
azar,secop,CO1.PCCNTR.4899849,"AGENCIA DISTRITAL PARA LA EDUCACIÓN SUPERIOR, LA CIENCIA Y LA TECNOLOGÍA, ATENEA",CARLOS ENRIQUE GARAY MORENO,62416667,PRESTAR SERVICIOS PROFESIONALES A LA SUBGERENCIA TIC; PARA REALIZAR ACTIVIDADES DE DISEÑO; MANTENIMIENTO Y DESARROLLO DE LOS REQUERIMIENTOS DE SOFTWARE DE LOS SISTEMAS DE INFORMACIÓN DE LA AGENCIA ATENEA.,https://community.secop.gov.co/Public/Tendering/OpportunityDetail/Index?noticeUID=CO1.NTC.4338895&isFromPublicArea=True&isModal=true&asPopupView=true,,,
azar,secop,CO1.PCCNTR.2420043,PROCURADURIA GENERAL DE LA NACION,Jasson Jair Mora Puin,50000000,PRESTAR SERVICIOS PROFESIONALES DE APOYO A LA GESTIÓN DE LA OFICINA DE SISTEMAS EN EL DESARROLLO; PRUEBAS; DOCUMENTACIÓN TÉCNICA E IMPLEMENTACIÓN DE SOFTWARE; DENTRO DEL MARCO DEL PROYECTO DE INVERSIÓN DENOMINADO ACTUALIZACIÓN DE LA PLATAFORMA TECNOLÓGICA DE LA PROCURADURÍA GENERAL DE LA NACIÓN CON BPIN 2018011000459,https://community.secop.gov.co/Public/Tendering/OpportunityDetail/Index?noticeUID=CO1.NTC.1903009&isFromPublicArea=True&isModal=true&asPopupView=true,,,
azar,secop,CO1.PCCNTR.8460724,INSTITUTO NACIONAL PARA SORDOS,C.G.H. INGENIERIA & SOLUCIONES S.A.S.,6406038,ADELANTAR LA RENOVACIÓN DEL LICENCIAMIENTO; SOPORTE Y MANTENIMIENTO DE DIVERSAS SOLUCIONES DE SOFTWARE REQUERIDAS POR LA ENTIDAD.,https://community.secop.gov.co/Public/Tendering/OpportunityDetail/Index?noticeUID=CO1.NTC.8820258&isFromPublicArea=True&isModal=true&asPopupView=true,,,
azar,secop,CO1.PCCNTR.5690013,FONDO UNICO DE TECNOLOGÍAS DE LA INFORMACIÓN Y LAS COMUNICACIONES,Consorcio ASETF 2023,14634046923.69,Contratar el servicio de desarrollo e implementación de soluciones de software por demanda que soporten los procesos de la entidad y la creación e implementación de la metodología y modelo de servicio bajo esquema de fábrica de software para el MinTIC,https://community.secop.gov.co/Public/Tendering/OpportunityDetail/Index?noticeUID=CO1.NTC.5036165&isFromPublicArea=True&isModal=true&asPopupView=true,,,
azar,secop,CO1.PCCNTR.9280374,AGENCIA DISTRITAL DE INFRAESTRUCTURA DEL DISTRITO DE BARRANQUILLA,GESTIÓN INTELIGENTE DE PROCESOS GIP SAS,77000000,PRESTACIÓN DEL SERVICIO INTEGRAL DE COMPUTACIÓN EN LA NUBE (CLOUD COMPUTING) PARA LA OPERACIÓN CONTINUA DE LA PLATAFORMA TECNOLÓGICA DOZZIER; BAJO UN MODELO DE PROVISIÓN REMOTA DE RECURSOS INFORMÁTICOS.,https://community.secop.gov.co/Public/Tendering/OpportunityDetail/Index?noticeUID=CO1.NTC.9905312&isFromPublicArea=True&isModal=true&asPopupView=true,,,
azar,secop,CO1.PCCNTR.7115711,CAJA DE RETIRO DE LAS FUERZAS MILITARES,NET APPLICATIONS,84000000,CONTRATAR LA RENOVACIÓN POR UN AÑO DEL SOFTWARE PARA LA AUTOMATIZACIÓN ROBÓTICA DE PROCESOS RPA (ROBOTIC PROCESS AUTOMATION DEL FABRICANTE AUTOMATION ANYWHERE PARA LA CAJA DE RETIRO DE LAS FUERZAS MILITARES,https://community.secop.gov.co/Public/Tendering/OpportunityDetail/Index?noticeUID=CO1.NTC.7084894&isFromPublicArea=True&isModal=true&asPopupView=true,,,
azar,secop,CO1.PCCNTR.3294143,SENA REGIONAL SANTANDER Grupo de Apoyo Administrativo Mixto,CRISTIAN ACUÑA MALDONADO,36445333,Prestar servicios personales de carácter temporal para orientar la formación profesional titulada y complementaria en el programa de articulación con la media en la red de conocimiento de informática; diseño y desarrollo de software - área temática: infraestructura; programada por el Centro Industrial de Mantenimiento Integral; vigencia 2022.,https://community.secop.gov.co/Public/Tendering/OpportunityDetail/Index?noticeUID=CO1.NTC.2605570&isFromPublicArea=True&isModal=true&asPopupView=true,,,
azar,secop,CO1.PCCNTR.7545249,ALCALDIA MUNICIPAL DE PUERTO BOYACA - BOYACA,"COMERCIALIZADORA DE SOFTWARE, SERVICIOS Y SUMINISTROS SAS",39960000,PRESTACIÓN DE SERVICIOS DE APOYO A LA GESTIÓN EN LA DISPOSICIÓN DE SERVICIOS TECNOLÓGICOS ASOCIADOS A LA PUESTA EN OPERACIÓN DE LOS MÓDULOS DE INVENTARIOS DE ALMACÉN Y RECURSOS FÍSICOS Y EL MÓDULO DE LIQUIDACIÓN DE NÓMINAS INTEGRADO TRANSVERSALMENTE CON LA PLATAFORMA DENOMINADO SIIAFE - SISTEMA DE INFORMACIÓN INTEGRADO ADMINISTRATIVO Y FINANCIERO ESTATAL PARA LA VIGENCIA 2025 EN LA MODALIDAD DE SOFTWARE COMO SERVICIO SAAS; PARA EL MUNICIPIO DE PUERTO BOYACÁ - BOYACa,https://community.secop.gov.co/Public/Tendering/OpportunityDetail/Index?noticeUID=CO1.NTC.7696977&isFromPublicArea=True&isModal=true&asPopupView=true,,,
azar,secop,CO1.PCCNTR.9713273,FONDO DE VIVIENDA DE INTERES SOCIAL Y REFORMA URBANA DEL BAGRE - FOVIS,CAMILO ANDRES CACERES RICARDO,24000000,PRESTACIÓN DE SERVICIOS PROFESIONALES PARA LA ASESORIA PRESUPUESTAL (APOYO EN EL CARGUE Y MONTE DE LA ESTRUCTURA PRESUPUESTAL Y ELABORACION DEL PRESUPUESTO 2026 Y ACOMPAÑAMIENTO EN EL MANEJO DE ESTRUCTURA PRESUPUESTAL DEL CCPET Y TODOS LOS CAMBIOS DE LOS CLASIFICADORES A IMPLEMENTAR POR LA PLATAFORMA QUIPO); SEGUIMIENTO A LA EJECUCION PRESUPUESTAL; EXPEDICION DE CDP; RP; OP; EGRESOS; CARGUE DE CUENTAS POR PAGAR; RESERVAS; MATRICULA DE PROYECTOS DE INVERSION EN EL SOFTWARE DEL MODULO FINANCIERO,https://community.secop.gov.co/Public/Tendering/OpportunityDetail/Index?noticeUID=CO1.NTC.10577686&isFromPublicArea=True&isModal=true&asPopupView=true,,,
azar,secop,CO1.PCCNTR.7824792,EMPRESA DE DESARROLLO URBANO Y VIVIENDA DE INTERES SOCIAL DE BARRANCABERMEJA,LONDONRED SAS,6036300,SERVICIO DE SERVIDOR EN LA NUBE PARA LOS SERVICIOS DIGITALES DE LA EMPRESA DE DESARROLLO URBANO Y VIVIENDA DE INTERES SOCIAL DE BARRANCABERMEJA - EDUBA,https://community.secop.gov.co/Public/Tendering/OpportunityDetail/Index?noticeUID=CO1.NTC.8057290&isFromPublicArea=True&isModal=true&asPopupView=true,,,
azar,tvec,153006,REGISTRADURIA NACIONAL DEL ESTADO CIVIL,Consosrcio Noventiq-SM,1545592752,IAD Software por Catalogo II | sxc02---AAD-33204EAEASENT-Suite Corporativa-N/A-MICROSOFT-Enterprise Agreement-Educativo-Monthly Subscriptions-N/A-N/A-N/A-N/A-Suscripción mensual con pago anual-Microsoft M365 E3 Unified Exist Cust Subscription Per User_EAEASENT; sxc02--IVA,,,,
azar,secop,CO1.PCCNTR.7388630,SENA REGIONAL CAUCA Grupo Administrativo Intercentros CTPI,María Isabel Ospina Núñez,45995110,REQUISITOS ACADÉMICOS: EL PROGRAMA REQUIERE DE UN INSTRUCTOR CON TÍTULO DE TECNÓLOGO O PROFESIONAL EN SISTEMAS; ELECTRÓNICA O PROFESIONES RELACIONADAS CON LA ESPECIALIDAD OBJETO DE FORMACIÓN. PREFERIBLEMENTE CON CERTIFICACIÓN INTERNACIONAL EN: ENSAMBLE Y MANTENIMIENTO DE EQUIPOS DE CÓMPUTO Y SERVIDORES COMPTIA; A+ O SERVER+ MICROSOFT OFFICE SPECIALIST (MOS) EXPERIENCIA LABORAL: DIECIOCHO (18) MESES DE EXPERIENCIADOCE (12) MESES ESTARÁN RELACIONADOS CON EL EJERCICIO DE LA PROFESIÓN U OFICIO OBJE,https://community.secop.gov.co/Public/Tendering/OpportunityDetail/Index?noticeUID=CO1.NTC.7508122&isFromPublicArea=True&isModal=true&asPopupView=true,,,
azar,secop,CO1.PCCNTR.7324012,ALCALDIA MUNICIPAL SAN PEDRO DE URABA,LINA RUBIELA MERCADO ARCIA,19200000,FORTALECIMIENTO EN LA GESTION ADMINISTRATIVA MUNICIPAL A LA SECRETARIA DE HACIENDA COMO APOYO EN EL SISTEMA PRESUPUESTAL Y FINANCIERO EN EL MANEJO DEL SOFTWARE ARIES NET Y LA PLATAFORMA PIIP (PLATAFORMA INTEGRADA DE INVERSION PUBLICA) DESDE EL ROL PRESUPUESTAL EN EL MUNICIPIO DE SAN PEDRO DE URABA - ANTIOQUIA.,https://community.secop.gov.co/Public/Tendering/OpportunityDetail/Index?noticeUID=CO1.NTC.7441606&isFromPublicArea=True&isModal=true&asPopupView=true,,,
azar,secop,CO1.PCCNTR.3273630,DAPRE,Brayan Steven Reyes Daza,68600000,Prestar los servicios profesionales para apoyar a la Secretaría de Transparencia en el mejoramiento del Portal Anticorrupción de Colombia (PACO); mediante la actualización constante de su infraestructura en la nube donde se aloja el sistema,https://community.secop.gov.co/Public/Tendering/OpportunityDetail/Index?noticeUID=CO1.NTC.2588877&isFromPublicArea=True&isModal=true&asPopupView=true,,,
azar,secop,CO1.PCCNTR.1546634,DEPARTAMENTO ADMINISTRATIVO NACIONAL DE ESTADISTICA (DANE),ORACLE COLOMBIA LTDA,2083457061.33,Adquirir el licenciamiento Oracle bajo el modelo de despliegue CAPPED con su soporte correspondiente; para la ampliación de la capacidad de procesamiento del Departamento Administrativo Nacional de Estadística; de acuerdo con las características técnicas definidas por la entidad,https://community.secop.gov.co/Public/Tendering/OpportunityDetail/Index?noticeUID=CO1.NTC.1232542&isFromPublicArea=True&isModal=true&asPopupView=true,,,
azar,secop,CO1.PCCNTR.5112240,CONTADURÍA GENERAL DE LA NACIÓN,REDCOMPUTO LTDA,120705627,Renovación de garantía para un (1) chasis DELL POWEREDGE Fx2; dos (2) switches DELL POWEREDGE FN Series; tres (3) servidores DELL POWEREDGE FC630; una (1) SAN DELL COMPELLENT SC2000; una (1) cabina de ampliación DELL SC120 y el software de virtualización VMware de la plataforma TI de la U.A.E. Contaduría General de la Nación.,https://community.secop.gov.co/Public/Tendering/OpportunityDetail/Index?noticeUID=CO1.NTC.4416452&isFromPublicArea=True&isModal=true&asPopupView=true,,,
azar,secop,CO1.PCCNTR.4108627,FONDO NACIONAL DEL AHORRO S.A.,EXATIC SAS,88940233,Renovar la suscripción; soporte y mantenimiento RedHat Enterprise Linux for Virtual Datacenters with Smart Management Premium para 2 nodos físicos,https://community.secop.gov.co/Public/Tendering/OpportunityDetail/Index?noticeUID=CO1.NTC.3383018&isFromPublicArea=True&isModal=true&asPopupView=true,,,
azar,secop,CO1.PCCNTR.2997109,MUNICIPIO DE LA ESTRELLA,EDISON DE JESUS OROZCO BLANDON,6882750,Ordenar la contratación de la prestación de servicios para servir de enlace operativo entre el proveedor del software integral V6 y la administración municipal-secretaria de hacienda para el funcionamiento del software administrativo; financiero y contable del municipio de La Estrella,https://community.secop.gov.co/Public/Tendering/OpportunityDetail/Index?noticeUID=CO1.NTC.2364134&isFromPublicArea=True&isModal=true&asPopupView=true,,,
